,V1,V2,V3,V4,V5,V6,V7,V8,V9,V10,V11,V12,V13,V14,V15,V16,V17,V18,V19,V20
5,0.268421693,1.167490175,3.208356518,0.64686148,0.19412517,1.964955848,0.870450486,0.228872384,0.103894865,1.050511393,1.12564435,0.152394244,0.129616369,0.039736068,0.166817202,2.564720463,6.800391302,2.451777246,0.208918839,1.870343628
6,0.490836768,2.133173042,5.863060542,1.181682864,0.35483903,3.589208709,1.591573634,0.418410029,0.189900364,1.919786571,2.058163336,0.278141543,0.236816212,0.072726685,0.304762925,4.685531559,12.42354746,4.480184828,0.382088519,3.418389735
7,0.681801077,2.961865772,8.133595173,1.639185191,0.49273429,4.978206129,2.209911537,0.580967411,0.263752766,2.66338763,2.857300066,0.385572052,0.328696916,0.101044377,0.42275436,6.502623938,17.23588325,6.218734851,0.530920907,4.746519498
8,0.849673048,3.688871546,10.12553111,2.040774897,0.613970683,6.193602479,2.753357411,0.723629691,0.328770272,3.316289026,3.558484977,0.479598478,0.409560562,0.126011813,0.526371443,8.090679482,21.44968776,7.746346964,0.662297017,5.913934939
9,0.999675605,4.335506775,11.90055161,2.39944797,0.722190142,7.276698824,3.23998329,0.850996434,0.387061804,3.900545688,4.184704398,0.563368648,0.481704368,0.148424252,0.618808739,9.507683254,25.21242016,9.109975757,0.780418403,6.956296634
10,1.135904747,4.919681531,13.51229464,2.723225196,0.819976805,8.259556444,3.680514587,0.966009918,0.44010087,4.431605133,4.752742401,0.638925548,0.547269824,0.168891067,0.702416241,10.78400037,28.60582283,10.33772983,0.887749269,7.900026828
11,1.261092755,5.452594733,14.98593712,3.01753785,0.909422009,9.15578559,4.084547836,1.071172399,0.488562966,4.918118573,5.272716712,0.708002506,0.607329727,0.187741253,0.778808411,11.9435469,31.69680474,11.46183931,0.986211409,8.765609675
12,1.3766227,5.947419503,16.34167801,3.289425318,0.991979002,9.9832692,4.460998205,1.167988468,0.533353446,5.366884479,5.756136145,0.771553731,0.662973779,0.205196972,0.849974131,13.00947853,34.53705544,12.49265702,1.076959022,9.561529432
13,1.484935176,6.407179959,17.60966252,3.542145633,1.068482347,10.74963543,4.811324177,1.257636698,0.574900401,5.786023624,6.20605165,0.830270722,0.714527647,0.221561088,0.916010612,13.99579299,37.15408908,13.45105383,1.161023053,10.29717231
14,1.586078463,6.833708949,18.79187505,3.777280862,1.140227056,11.46766434,5.137694454,1.341562764,0.613767564,6.177578303,6.628574781,0.885010492,0.762671943,0.236860899,0.977560301,14.91505277,39.58258791,14.34527341,1.239339796,10.97991114
15,1.681114786,7.232253052,19.90137622,3.998446862,1.207829124,12.13664517,5.443408753,1.420226836,0.650158386,6.548325142,7.027642734,0.936491747,0.807763351,0.251309922,1.03579611,15.78169561,41.84700203,15.18698034,1.313505578,11.6199541
16,1.771366062,7.604023222,20.94595308,4.204896163,1.271808292,12.76431931,5.732576108,1.494749613,0.684795931,6.897883578,7.400741883,0.985194485,0.850129853,0.264979044,1.090697612,16.60063793,43.95977837,15.98059664,1.38377591,12.22141872
17,1.857016959,7.957217525,21.93712807,4.400479887,1.332490399,13.35679291,6.007555549,1.56496161,0.717645456,7.230705549,7.754015094,1.030981844,0.890674336,0.278005938,1.142435614,17.3737985,45.94635058,16.73687747,1.450431414,12.78741873
18,1.938744744,8.291699377,22.87871362,4.585620227,1.389988802,13.91287349,6.269481491,1.631558069,0.748894153,7.548413431,8.08714746,1.073806532,0.929097998,0.290397911,1.191914319,18.10976406,47.84452377,17.46197378,1.514300473,13.32701191
19,2.016327433,8.610999646,23.77173628,4.763617972,1.44478447,14.43616746,6.517368534,1.695193595,0.778533789,7.850799461,8.403980578,1.114204102,0.965686638,0.302324471,1.238628204,18.8136812,49.64747446,18.15382988,1.574963876,13.84022529
20,2.091530454,8.91753082,24.62327628,4.935993797,1.4972634,14.93786443,6.756373375,1.755401773,0.807347187,8.140863208,8.712004372,1.153132515,1.000807526,0.313920969,1.283285975,19.48128838,51.35730266,18.82142104,1.633646864,14.33097595
21,2.163806807,9.210155747,25.44631508,5.101461106,1.548169437,15.41560794,6.985795366,1.813368588,0.835288713,8.413608418,9.006742796,1.190475881,1.034987866,0.325193724,1.325792017,20.11602922,52.96932267,19.45586803,1.69023869,14.80135787
22,2.233327388,9.489247159,26.23551035,5.260603186,1.597021976,15.88533168,7.205702728,1.869484449,0.862036683,8.675699276,9.286802953,1.226217826,1.067869313,0.335979721,1.367058171,20.71914495,54.54148541,20.06080638,1.744576814,15.25724368
23,2.301534679,9.761397572,26.98866905,5.412442623,1.643540355,16.32760587,7.420768913,1.924212407,0.887913047,8.929760248,9.554401127,1.260706558,1.098952616,0.346365589,1.406812992,21.2968961,56.0247426,20.6441702,1.796981312,15.69586466
24,2.367459754,10.02697661,27.70832296,5.558396259,1.688533512,16.75155837,7.627338942,1.977882925,0.912840209,9.177921626,9.812373004,1.294189337,1.129071471,0.356380738,1.445374201,21.85568977,57.45623683,21.20344041,1.847352131,16.12527905
25,2.431287763,10.28546345,28.41320672,5.700401506,1.732096117,17.16238749,7.827341075,2.028256532,0.937236957,9.418396752,10.05513302,1.326614066,1.158181064,0.366198724,1.482774366,22.39783736,58.83078007,21.74261404,1.895786387,16.53674944
26,2.493674338,10.53872829,29.08678437,5.835990741,1.773713892,17.55812708,8.020950166,2.076737136,0.960726086,9.651174613,10.28704196,1.357707782,1.186693061,0.375630927,1.518689532,22.9183248,60.16196976,22.26995298,1.942842049,16.94021217
27,2.554728161,10.78351085,29.73375017,5.969297126,1.814137254,17.94207026,8.209919818,2.123502064,0.983808253,9.875119125,10.50784572,1.387650995,1.214083523,0.384876233,1.553879969,23.42307868,61.44977674,22.78932419,1.988720901,17.33248381
28,2.615320652,11.01704474,30.35884308,6.098299335,1.85358162,18.31077659,8.391166947,2.169058697,1.006485432,10.08851127,10.72439144,1.416910886,1.240779575,0.393920918,1.587844163,23.91354593,62.69460459,23.29127708,2.03370856,17.70681522
29,2.674183073,11.24536207,30.96110663,6.221415052,1.892697716,18.66020771,8.564524013,2.213183446,1.028995646,10.29837966,10.92989213,1.444960607,1.267152234,0.402930055,1.620560805,24.389847,63.89439439,23.7846471,2.077049268,18.0655253
30,2.7322352,11.47211009,31.55079669,6.344191392,1.931121641,19.00499546,8.732441999,2.255807547,1.050993785,10.50050875,11.12977178,1.472691632,1.293190508,0.411814339,1.652740691,24.85326778,65.06797916,24.25609559,2.118960418,18.41374788
31,2.788876539,11.69561107,32.11861324,6.463779875,1.968828673,19.34062995,8.896449898,2.297582373,1.071807869,10.69689737,11.32073509,1.49942091,1.31813919,0.420426212,1.684698796,25.30457104,66.1965483,24.71876601,2.159833528,18.75838265
32,2.843314039,11.91293903,32.66556393,6.580882708,2.004532597,19.67338823,9.052090089,2.338576941,1.091963194,10.89340087,11.51248652,1.525847518,1.343271725,0.428824768,1.71639229,25.74741661,67.28335337,25.16617347,2.199961354,19.09071522
33,2.896640186,12.12351524,33.19320782,6.695570218,2.038224783,20.00644221,9.201240231,2.377976619,1.111604476,11.0912387,11.69804533,1.551324099,1.367992666,0.437154505,1.746882874,26.17198603,68.36415083,25.60335991,2.240178938,19.41536709
34,2.949604645,12.32619272,33.69875895,6.805296363,2.070486798,20.3335016,9.347290151,2.416033503,1.130502233,11.28530006,11.87528333,1.576322574,1.39190667,0.445241199,1.77687197,26.587678,69.42765255,26.02810163,2.281065178,19.72895748
35,3.000655311,12.52169203,34.18486317,6.913382148,2.102611453,20.65797103,9.492248601,2.453273802,1.14905365,11.47166466,12.04827478,1.6010681,1.4157604,0.45307177,1.806203333,27.00035366,70.4646624,26.45031411,2.320923908,20.03680482
36,3.050299509,12.71369688,34.66437682,7.017577854,2.134510759,20.97020728,9.633911164,2.489064086,1.167832236,11.65447127,12.21619178,1.625524442,1.439265621,0.460495298,1.834697082,27.40115999,71.48304698,26.8586611,2.359504792,20.34652509
37,3.098902587,12.90881409,35.12979453,7.120819425,2.166529852,21.27460868,9.770976691,2.524055523,1.186357655,11.82930922,12.37645318,1.649390734,1.462128191,0.467698666,1.862644133,27.78599109,72.48664373,27.25305961,2.39689236,20.64464814
38,3.146754177,13.09503371,35.57651086,7.222304882,2.198464029,21.56426074,9.906051475,2.558712879,1.204377751,12.00400974,12.5373302,1.672345455,1.484900276,0.474788726,1.890930946,28.14972604,73.45205118,27.63090347,2.432798307,20.93532559
39,3.192890561,13.2780534,36.01786406,7.319274294,2.230714208,21.84233124,10.0403714,2.593074436,1.221909341,12.1766084,12.69258664,1.695229516,1.507791964,0.481775389,1.918130723,28.50157499,74.41020549,28.00866199,2.467700456,21.21375218
40,3.237641151,13.46064903,36.44563223,7.412302582,2.263175824,22.11019212,10.17222944,2.626239748,1.239564822,12.34650312,12.84725603,1.717706433,1.530193936,0.48849572,1.944805957,28.84449258,75.32162094,28.37934063,2.500979233,21.48041134
41,3.28297928,13.63754846,36.86491822,7.502075341,2.295492532,22.36728546,10.30013847,2.658539042,1.257081592,12.51186232,13.00068987,1.739811503,1.552019758,0.49526786,1.971022537,29.16719364,76.18905375,28.74228921,2.533709499,21.74562578
42,3.32836487,13.81034415,37.28107757,7.588073084,2.327558555,22.6125678,10.42391399,2.690124601,1.274316291,12.67347291,13.15110498,1.761244979,1.573847349,0.501922483,1.997413908,29.48743975,77.03186022,29.09250585,2.566180838,22.00281937
43,3.374232627,13.97860297,37.67642537,7.672971582,2.358486734,22.85882252,10.54495798,2.720823833,1.291713995,12.82586637,13.30153812,1.781949057,1.595609353,0.508461804,2.023179167,29.79359646,77.86743156,29.4318169,2.598391191,22.25568966
44,3.419274201,14.14361849,38.06620417,7.756144547,2.389134716,23.09826024,10.66779298,2.750609285,1.309247928,12.97374357,13.44665796,1.801480629,1.617567521,0.514768491,2.048281382,30.08806374,78.66400582,29.76916745,2.62954641,22.49859785
45,3.464493884,14.30517149,38.45448897,7.834836055,2.419781281,23.32938152,10.78661783,2.779121013,1.326442069,13.11813753,13.58932508,1.820225371,1.639536291,0.521027705,2.073641083,30.37960366,79.42267426,30.09951854,2.660331132,22.73331781
46,3.510029166,14.46468851,38.83601149,7.911118219,2.449474316,23.55361381,10.89970441,2.808140014,1.343313785,13.25827666,13.73120437,1.837374956,1.661414309,0.527188224,2.098313228,30.66232435,80.15049319,30.42397139,2.69015891,22.96545398
47,3.553111112,14.62453782,39.19743303,7.989481274,2.478721042,23.77060295,11.01358668,2.836716357,1.360722527,13.39554837,13.86558469,1.854213552,1.683956655,0.533402119,2.121859663,30.94062104,80.86338631,30.75052806,2.719890078,23.20029974
48,3.596619299,14.77979756,39.54488371,8.066415076,2.507047387,23.97561264,11.12442566,2.864349584,1.377928804,13.53401229,13.99397565,1.870576418,1.705889178,0.539507654,2.144661815,31.21403821,81.57545677,31.06848226,2.748394203,23.43730496
49,3.638737636,14.93003523,39.88705888,8.141322506,2.534412136,24.17485912,11.23274903,2.892031176,1.394724593,13.6706627,14.11898303,1.887029694,1.728017356,0.545510515,2.166762117,31.47489778,82.26440546,31.37958851,2.776694808,23.67371728
50,3.679407764,15.08152688,40.23622678,8.214548872,2.560583667,24.36704839,11.33917761,2.919753003,1.411351001,13.80633128,14.24105506,1.902759298,1.74989889,0.551344478,2.187836372,31.71938199,82.94203169,31.69261012,2.803693239,23.90724219
51,3.718544051,15.2323735,40.57403736,8.285264063,2.58590866,24.55205589,11.44211479,2.946354147,1.427848008,13.93746479,14.3589869,1.918539143,1.770972411,0.557368807,2.209262131,31.95664752,83.60934458,31.99237228,2.829098672,24.13695573
52,3.755256765,15.37692707,40.89972807,8.353491856,2.610652204,24.73708342,11.53884142,2.973272717,1.444434011,14.06523577,14.47491433,1.933819543,1.791692484,0.563591508,2.230515419,32.20338548,84.2260595,32.29301157,2.853395517,24.36828346
53,3.790801684,15.51893629,41.22156449,8.422357769,2.635596725,24.91149517,11.63196778,3.00026679,1.460172541,14.19000106,14.59414868,1.9493665,1.811654369,0.569583372,2.25056696,32.45004361,84.82782145,32.57225594,2.877745908,24.59504784
54,3.825791796,15.66124103,41.53746081,8.489505449,2.659401406,25.08880092,11.72484912,3.025938067,1.475610426,14.31352214,14.71160346,1.964462805,1.831612192,0.575520025,2.270745259,32.69837478,85.41985515,32.84287597,2.902241867,24.82824575
55,3.860293364,15.80247012,41.84057038,8.557667522,2.683225031,25.25958821,11.81163404,3.051997784,1.490921317,14.44156305,14.82838472,1.97875342,1.85176409,0.581622081,2.290744089,32.93970547,85.98790791,33.12255117,2.92693017,25.05251931
56,3.89520897,15.94547572,42.13434019,8.626331508,2.706163589,25.42383364,11.89636894,3.079035319,1.50597354,14.56979358,14.94494267,1.992803783,1.870945839,0.587899196,2.309883597,33.17640367,86.55119111,33.39016176,2.950603272,25.27100065
57,3.930714076,16.09077529,42.42219617,8.692881792,2.728651712,25.58402254,11.97733087,3.105877014,1.520659265,14.69847177,15.06326672,2.006020392,1.891157344,0.59405809,2.328959941,33.40046774,87.10724502,33.65069582,2.973723729,25.48473775
58,3.966306656,16.23040768,42.69405237,8.756484379,2.750227512,25.74061844,12.05599639,3.131952646,1.535720332,14.82243858,15.17984702,2.019291538,1.910686189,0.600082949,2.347958826,33.6214266,87.65208549,33.90704161,2.996518904,25.69973148
59,4.001935307,16.37052766,42.96106171,8.817066671,2.771569892,25.89475483,12.1329409,3.157205891,1.550473283,14.94770537,15.29563776,2.031952241,1.930122415,0.605987787,2.365771589,33.83501015,88.17276104,34.15325917,3.018822247,25.90148542
60,4.037807782,16.50290174,43.22403382,8.881784366,2.791539518,26.05263214,12.21145126,3.182331098,1.565335303,15.06932497,15.41222187,2.044488528,1.948664184,0.611962965,2.382600632,34.04666454,88.68187032,34.3902783,3.040690613,26.09102085
61,4.07592917,16.63597509,43.46590636,8.943450415,2.810799163,26.20179426,12.28972048,3.207658058,1.58047431,15.18910669,15.52784247,2.05708309,1.966651128,0.617777035,2.398901007,34.25426964,89.16954601,34.6218104,3.062158828,26.27691265
62,4.113129734,16.76451366,43.70962648,9.00587218,2.829448542,26.34294834,12.36690497,3.232428946,1.594999464,15.3126007,15.64571439,2.068955793,1.983987626,0.62364366,2.414809788,34.44792357,89.64116611,34.84155284,3.083683758,26.44766204
63,4.147939649,16.88871269,43.95862373,9.068534945,2.848220331,26.48242716,12.44451006,3.257274074,1.608973174,15.42910899,15.75918214,2.080670701,2.001425024,0.629309751,2.431157868,34.63754697,90.11182679,35.0564209,3.10553408,26.61105983
64,4.182335573,17.01185147,44.2075908,9.130629264,2.866048446,26.61957514,12.52194869,3.281824118,1.622379911,15.54348068,15.87096886,2.092226405,2.018454406,0.635115505,2.447626728,34.81630549,90.5692369,35.27429793,3.126668448,26.7652828
65,4.216248495,17.13123696,44.46418121,9.191551127,2.883464542,26.74842172,12.60159372,3.307200606,1.635682445,15.65421896,15.97459392,2.103896369,2.035306305,0.640920489,2.463509278,34.99366441,91.00022541,35.48791879,3.148335884,26.91519031
66,4.248083722,17.2484566,44.7115594,9.249572329,2.900649974,26.8724966,12.67986632,3.332143683,1.649358909,15.76068355,16.08107475,2.114773839,2.053053322,0.646715406,2.479579578,35.16848305,91.42014945,35.69915888,3.170414023,27.05954548
67,4.280099652,17.36585906,44.94922224,9.303877803,2.917108176,26.99054567,12.75771725,3.356883535,1.663556629,15.86504957,16.18845633,2.125409631,2.069975676,0.652635803,2.495445293,35.34027375,91.83781338,35.91549831,3.192492451,27.19308779
68,4.313422278,17.48433262,45.17844015,9.357054372,2.933898455,27.11314225,12.83434961,3.380605225,1.677792319,15.96842146,16.29433657,2.135175839,2.087378069,0.658433288,2.511183184,35.51536728,92.24084374,36.12372314,3.215387105,27.32713562
69,4.343052252,17.59847005,45.40701256,9.407898822,2.949889119,27.22614818,12.90930462,3.404611264,1.69213654,16.06682054,16.39838739,2.144859102,2.104792919,0.66422253,2.526679669,35.68164504,92.62414027,36.3209808,3.238324045,27.44989999
70,4.372375522,17.71208858,45.62822293,9.457566581,2.965838037,27.33113887,12.98275904,3.428873373,1.705932926,16.1623817,16.49998744,2.15458231,2.121038774,0.670335199,2.541991611,35.84666909,92.99365242,36.5181471,3.262447839,27.569543
71,4.402489697,17.81668282,45.83839574,9.506324186,2.980947105,27.43893598,13.05702608,3.452433342,1.719695503,16.25880456,16.59973013,2.164301208,2.135835227,0.676396643,2.556489845,36.01003139,93.3451977,36.70661814,3.286903308,27.69456934
72,4.43331615,17.91801985,46.04284387,9.553900933,2.995210073,27.54552605,13.12718786,3.476308343,1.73341084,16.35593906,16.6968199,2.173923677,2.15059397,0.682309053,2.570796198,36.16968957,93.69547044,36.89501141,3.312173997,27.81260873
73,4.462724802,18.01684517,46.23735198,9.601331104,3.008705443,27.65248592,13.1971609,3.499637694,1.746605052,16.45309735,16.7923775,2.183531319,2.165192329,0.688442679,2.584709236,36.3212181,94.04616764,37.07959738,3.33728167,27.93299327
74,4.49254001,18.1154427,46.42441523,9.644183194,3.021794471,27.75825707,13.26457554,3.522062287,1.759915847,16.5500782,16.88819426,2.193116604,2.179260602,0.694947074,2.598452347,36.46864283,94.38599155,37.24699554,3.361654308,28.05356966
75,4.522851635,18.20667243,46.6118419,9.688045711,3.035309261,27.85799303,13.33048495,3.545125655,1.772697907,16.64779325,16.98150478,2.202434237,2.193718804,0.701748342,2.612582752,36.61492305,94.70040776,37.41615459,3.386825337,28.16763009
76,4.551758241,18.29492143,46.79986506,9.730841472,3.048824264,27.95136023,13.39756143,3.567890811,1.785375824,16.74816338,17.072623,2.211768884,2.208040103,0.708553951,2.626714412,36.75855702,94.99485805,37.5766361,3.411372026,28.27860054
77,4.578812593,18.3824659,46.98297059,9.773817277,3.062266306,28.04149655,13.46350479,3.590713696,1.797732393,16.84826665,17.15850163,2.221243406,2.222676091,0.715450183,2.641181009,36.89308952,95.2807238,37.73126075,3.435882682,28.39070745
78,4.605804569,18.4719066,47.17010929,9.815468568,3.076467831,28.13096266,13.52824048,3.613991783,1.81100316,16.95086916,17.23972879,2.230501109,2.237326302,0.722178705,2.656257834,37.02688876,95.55086837,37.88488301,3.459721503,28.50168571
79,4.63175713,18.56499874,47.35577204,9.857050219,3.091132019,28.22356728,13.591925,3.637212401,1.823994478,17.0539008,17.32164976,2.238916328,2.251787588,0.729147696,2.672150831,37.15641518,95.8181978,38.02960176,3.48233322,28.6078488
80,4.657394214,18.65299139,47.52987417,9.897481488,3.106093821,28.31712405,13.64969201,3.660916807,1.837003451,17.15326404,17.39809523,2.246917851,2.266387782,0.736717146,2.687591881,37.29783762,96.07334286,38.18169603,3.505292913,28.70814772
81,4.6829033,18.74387059,47.69844204,9.936497229,3.121084017,28.41340367,13.7065336,3.685766321,1.85028148,17.25248267,17.47234874,2.254462786,2.281321549,0.743889433,2.703318704,37.42916186,96.31796155,38.33063743,3.527571096,28.80544732
82,4.708503714,18.83349649,47.86231041,9.975268904,3.136061415,28.50874383,13.760421,3.708784786,1.863000272,17.36033948,17.54965205,2.261779364,2.295725982,0.750795818,2.719019575,37.55959358,96.57216837,38.47003812,3.548989478,28.90042719
83,4.734465461,18.92511412,48.01991058,10.01490525,3.152324624,28.60719289,13.81520806,3.731567456,1.876299742,17.46636887,17.62461178,2.269159132,2.3098893,0.757399167,2.733379507,37.69081588,96.80105225,38.60211272,3.570382652,28.99365228
84,4.760069967,19.01239858,48.17773817,10.05524692,3.168050038,28.70054579,13.86894318,3.753513079,1.889503859,17.57396022,17.69922726,2.276230505,2.324750494,0.763934813,2.747737564,37.81632026,97.0312175,38.73973819,3.592447716,29.09092265
85,4.785939809,19.09624688,48.3331626,10.09380385,3.182483806,28.79039832,13.91956506,3.77510903,1.903325896,17.68123104,17.77056942,2.282723879,2.340658714,0.770624617,2.76194,37.93997154,97.25580004,38.87547702,3.615300167,29.18839277
86,4.811823402,19.17952968,48.48290839,10.13395583,3.196843494,28.87774326,13.96654261,3.796310358,1.917324992,17.79160685,17.84360124,2.289525226,2.356912925,0.777339175,2.776347401,38.06660936,97.4730069,39.0003459,3.637047784,29.28380855
87,4.835615128,19.25677071,48.63116557,10.17121467,3.212050351,28.97061109,14.01392007,3.819733163,1.930509405,17.90499209,17.91339956,2.296052285,2.373394141,0.783975011,2.790160222,38.19172674,97.67512673,39.12566401,3.657655561,29.3715446
88,4.858068339,19.33244812,48.78583218,10.21161053,3.227538328,29.06454453,14.06316742,3.842267573,1.943793938,18.01967589,17.98257267,2.30282089,2.389858475,0.790878724,2.802910235,38.31649032,97.88203242,39.24916389,3.678251703,29.46063942
89,4.881094351,19.40416436,48.9294113,10.25094184,3.242937269,29.16162961,14.11124403,3.864237603,1.956477252,18.12818146,18.05024685,2.309858869,2.408175346,0.797657789,2.815724008,38.43921611,98.08779863,39.36887603,3.697904849,29.54372729
90,4.903998645,19.47105151,49.06482842,10.28842061,3.257647783,29.25792817,14.15759651,3.886876184,1.968879392,18.23844025,18.12331106,2.317171255,2.426615599,0.804889636,2.82868982,38.55518259,98.30601035,39.48917275,3.718068988,29.62134608
91,4.92698168,19.53874718,49.19696421,10.32607751,3.271753956,29.34898119,14.20608223,3.909536402,1.980366706,18.35241588,18.19991499,2.32418516,2.44555386,0.81224307,2.841026444,38.6779034,98.51725596,39.60139606,3.738956869,29.69532805
92,4.950203025,19.60502767,49.33465333,10.36313131,3.285584122,29.43610043,14.25267592,3.931178928,1.991791463,18.46850502,18.2806622,2.331102149,2.464636903,0.819742755,2.852886663,38.79232186,98.71929434,39.70666553,3.758484109,29.77143732
93,4.974114327,19.6705754,49.46737979,10.39830563,3.298538853,29.52707734,14.29393079,3.953076646,2.003682839,18.57568387,18.35522551,2.337784882,2.484030607,0.827219382,2.864057459,38.90630757,98.90939791,39.80869098,3.777534473,29.84652943
94,4.999950263,19.73352467,49.59471651,10.43277379,3.310772351,29.61500432,14.33420164,3.97519792,2.014857939,18.68444102,18.42907752,2.344434058,2.503780225,0.83440134,2.875592257,39.01919883,99.10681704,39.90506302,3.796578886,29.91807673
95,5.025580588,19.79229842,49.72133019,10.46635208,3.322386023,29.70228413,14.37357616,3.996495941,2.02658308,18.7881723,18.49566676,2.350865601,2.522316217,0.84154278,2.887541892,39.12501635,99.29204773,40.0018695,3.814074845,29.98807421
96,5.050241238,19.85122769,49.84615028,10.4996143,3.334415189,29.78879877,14.41172416,4.018005198,2.037711165,18.88672268,18.560673,2.35722602,2.54128871,0.848154829,2.899513262,39.2261,99.46253426,40.09802464,3.833183637,30.05306067
97,5.076023742,19.90995755,49.96812808,10.52895984,3.346105041,29.8771487,14.45002834,4.038595065,2.049102772,18.98813348,18.62022045,2.363596012,2.559899837,0.854536466,2.911684946,39.32688702,99.64002229,40.19031279,3.852110046,30.12073451
98,5.101221173,19.9659317,50.09173402,10.55659794,3.357333377,29.9577012,14.48739773,4.059559421,2.060615066,19.09317215,18.68359181,2.369998081,2.580000442,0.860908085,2.925073757,39.42649086,99.80119352,40.28737755,3.87178279,30.18754382
99,5.127769342,20.01808493,50.21459129,10.58275747,3.367724187,30.02869664,14.52322704,4.079357285,2.072224735,19.20534421,18.75070904,2.376467707,2.600687804,0.86723575,2.938034847,39.52726158,99.9547373,40.38820826,3.891501306,30.25851781
100,5.153831864,20.07046905,50.34819366,10.61108203,3.377562573,30.10255765,14.55701178,4.097517705,2.083676035,19.31819052,18.81878158,2.383096674,2.622396938,0.873426162,2.95176935,39.62529693,100.0885523,40.49905873,3.912840938,30.32985645
101,5.179229038,20.12101712,50.47647662,10.6409505,3.387657468,30.17227199,14.58955404,4.11618187,2.096059169,19.41903934,18.88693089,2.390216755,2.642214147,0.879549728,2.966578258,39.7320461,100.2269696,40.61402367,3.934626286,30.4013357
102,5.204168047,20.16836773,50.59883095,10.66994165,3.397674087,30.23822417,14.62199862,4.134586086,2.10812568,19.51188071,18.9507841,2.397538186,2.661545374,0.885739283,2.982077072,39.84628195,100.3670413,40.72156113,3.956180623,30.47288501
103,5.229214233,20.21573175,50.70821355,10.6983698,3.408680223,30.30138679,14.65396498,4.152030758,2.120661982,19.60036191,19.01663575,2.405308684,2.679988134,0.892191795,2.997506828,39.95215221,100.4977011,40.82452847,3.978492865,30.53505014
104,5.252361513,20.25850511,50.81922334,10.72695244,3.419313288,30.36792669,14.68213307,4.169761017,2.133615098,19.68484775,19.0834296,2.412792295,2.697915752,0.899012999,3.012449761,40.04438662,100.6307756,40.92854079,4.000098015,30.59662215
105,5.278022774,20.30117267,50.92643068,10.75457521,3.429817114,30.43589398,14.70965315,4.18645802,2.145527213,19.77394351,19.14765458,2.42034833,2.71499237,0.905193185,3.026357184,40.1364629,100.7792411,41.03520256,4.021729341,30.65789443
106,5.301940257,20.34293662,51.05428365,10.77935464,3.439859566,30.50528193,14.73610829,4.202398356,2.159124777,19.86212037,19.2081137,2.427936519,2.733486576,0.911462725,3.040326125,40.22525125,100.9260221,41.13934729,4.04538222,30.71608306
107,5.326310409,20.38378519,51.18400157,10.80462646,3.449540766,30.57379281,14.76185561,4.218327593,2.172508287,19.95371309,19.26895665,2.435398321,2.750291472,0.917386076,3.053850978,40.31937459,101.0836828,41.2289383,4.067054898,30.7736224
108,5.350148995,20.42363062,51.31851355,10.82979733,3.45943679,30.64455182,14.78605845,4.232007608,2.184939049,20.04563748,19.33155584,2.442485896,2.768390782,0.923628423,3.068407226,40.40848573,101.2352123,41.31356226,4.088380616,30.83209842
109,5.373794275,20.46133588,51.44965818,10.85403291,3.469385218,30.71530302,14.81173304,4.246779119,2.198393523,20.14028112,19.39814907,2.449834195,2.788825838,0.929835092,3.082067574,40.5048413,101.3779416,41.40295702,4.110544779,30.89372568
110,5.399104804,20.49949174,51.5768099,10.87922833,3.479000485,30.78201163,14.83949459,4.262197015,2.212340044,20.23691559,19.46150344,2.45757763,2.807265386,0.936005091,3.095856602,40.59719197,101.5163409,41.48190205,4.13301495,30.9544379
111,5.421784199,20.53703474,51.70671806,10.90291297,3.488213988,30.85629903,14.86760688,4.278993767,2.226512422,20.33233404,19.5194895,2.465309803,2.824948451,0.942548509,3.109245229,40.69679245,101.6482681,41.55945473,4.152989933,31.01390081
112,5.444103188,20.57473952,51.83860865,10.927794,3.497886414,30.92864883,14.89573148,4.296565392,2.241918192,20.43096592,19.57985006,2.473709944,2.841428603,0.948612827,3.124357527,40.79713045,101.7743359,41.63547952,4.172851779,31.07179362
113,5.465723538,20.61283487,51.96247855,10.95395302,3.508457041,30.99511049,14.92326901,4.315949998,2.258137172,20.52297895,19.63897812,2.4826737,2.858458028,0.954564154,3.13989975,40.89574303,101.910976,41.70943236,4.193274503,31.12799529
114,5.488430243,20.65206475,52.08539241,10.98073533,3.520245612,31.05589169,14.9491384,4.335462876,2.275157009,20.61079526,19.6944343,2.491852212,2.877450169,0.960847569,3.155271833,40.98580828,102.0489833,41.77903529,4.214228487,31.1857628
115,5.509745508,20.68868103,52.19654948,11.00446895,3.532433273,31.11342247,14.97564729,4.356355185,2.292420571,20.69819325,19.74837272,2.502338867,2.897544371,0.96779802,3.169989147,41.07220488,102.1710592,41.84778222,4.233478225,31.24225024
116,5.531811284,20.72710697,52.31055472,11.02998266,3.54425438,31.16733266,15.0016568,4.375775824,2.310808792,20.78164256,19.79664042,2.512087352,2.917347796,0.974795604,3.185996243,41.16662675,102.2993263,41.91957455,4.25194423,31.29482645
117,5.556276922,20.76509449,52.41228423,11.05541188,3.55581115,31.22497292,15.02681479,4.394389411,2.328273636,20.86154254,19.84195234,2.521341904,2.938093656,0.981474814,3.202279013,41.26926358,102.4271635,41.98983365,4.271653511,31.348757
118,5.579618547,20.80082606,52.51130909,11.08203173,3.566859574,31.281935,15.05041741,4.412915858,2.344671676,20.93752539,19.88865986,2.529716593,2.958030235,0.988028609,3.219188521,41.37334005,102.553521,42.05885909,4.290909696,31.40048011
119,5.603458111,20.8365635,52.62245925,11.10898909,3.577806264,31.33965266,15.07261103,4.431639302,2.362374687,21.01269338,19.93628885,2.537996596,2.978847726,0.995033323,3.235579353,41.47258097,102.6827035,42.13270405,4.310399834,31.45034234
120,5.624664458,20.8746763,52.73184822,11.13674152,3.589042603,31.39926855,15.09479792,4.448622043,2.379650104,21.08976988,19.98236263,2.545730939,3.000964317,1.001897865,3.252987685,41.5712696,102.805396,42.20003417,4.329631817,31.49903125
121,5.645973348,20.91071922,52.8440213,11.16631507,3.599996158,31.45734853,15.11562844,4.465836564,2.397456285,21.16913707,20.02683168,2.553714368,3.021584272,1.008723123,3.269467776,41.67182388,102.9353288,42.26722476,4.348961448,31.55095545
122,5.668692379,20.9441062,52.96006371,11.19522488,3.61108524,31.51656111,15.13368255,4.481945801,2.415188282,21.24869847,20.06829897,2.561804283,3.042879869,1.015124973,3.287612985,41.77101685,103.0531583,42.33769014,4.368173822,31.6001447
123,5.690136936,20.97622834,53.06964336,11.22637553,3.622329329,31.5691112,15.15105831,4.498880072,2.435407284,21.33588642,20.10854819,2.570049827,3.064224482,1.022036405,3.306257238,41.8722252,103.1669539,42.41721482,4.389284579,31.65002952
124,5.715736868,21.00785061,53.19437204,11.25759254,3.633447814,31.62017217,15.16906305,4.515433729,2.458013621,21.42598414,20.14519686,2.579270535,3.086026605,1.028667389,3.324402814,41.96868733,103.2783584,42.49958224,4.411558521,31.6939373
125,5.74269495,21.03874804,53.32076807,11.28583314,3.643586389,31.66602055,15.18894391,4.531542009,2.479079245,21.51209694,20.1791113,2.588921248,3.108319224,1.035060872,3.34129195,42.06734135,103.3919707,42.57945479,4.433521717,31.73845973
126,5.768931689,21.06914127,53.44595944,11.31221019,3.653147246,31.71196118,15.20962241,4.54622808,2.500001328,21.60034533,20.21153971,2.598970981,3.129981327,1.041978159,3.35866758,42.16629788,103.4964331,42.66380468,4.454863423,31.78254204
127,5.794807964,21.0986953,53.57272883,11.34045794,3.662968934,31.75763179,15.23207011,4.560380181,2.520666095,21.69350185,20.24040087,2.609895586,3.151146178,1.049178306,3.375410585,42.26512979,103.5978851,42.74134894,4.475884959,31.82759625
128,5.82194761,21.1288061,53.69863061,11.37325699,3.672634074,31.80385911,15.25364771,4.573672032,2.541164496,21.7913659,20.27204998,2.620021836,3.174039318,1.05678066,3.393056,42.36140678,103.707716,42.81131514,4.497365245,31.87080297
129,5.852042645,21.15710543,53.82677189,11.40668208,3.682626639,31.84908701,15.27664582,4.586147336,2.5603919,21.88776411,20.30536993,2.62999546,3.196545081,1.06417481,3.410418194,42.46418217,103.8258362,42.88311398,4.519719644,31.91072852
130,5.881545286,21.18432163,53.94959737,11.44272552,3.693381408,31.89809169,15.29901649,4.598742966,2.579410625,21.98200231,20.33540017,2.640229306,3.219967291,1.071778728,3.427356043,42.5625541,103.9483321,42.95268005,4.542028201,31.94913099
131,5.908401498,21.21009953,54.05026549,11.48165004,3.703094721,31.94994543,15.32140912,4.610369244,2.599051666,22.08071391,20.36547437,2.650770706,3.246130093,1.079518657,3.442946651,42.65843621,104.066275,43.02028841,4.56305999,31.98619883
132,5.938074574,21.23327199,54.14118486,11.52052998,3.71282228,31.99819187,15.3446109,4.620455134,2.618979793,22.18127444,20.39387799,2.661912508,3.274027504,1.087236803,3.458707435,42.74748784,104.1894396,43.09394138,4.583073987,32.02198387
133,5.967099851,21.25868126,54.23695467,11.5587246,3.722373364,32.04158139,15.36573779,4.631056475,2.638594199,22.27916463,20.41914695,2.67470999,3.303027209,1.095510934,3.473140117,42.83305808,104.2988444,43.16958423,4.603690242,32.05670303
134,5.995811319,21.28137795,54.32017371,11.59200044,3.732440965,32.08479434,15.38660912,4.641614487,2.658881163,22.37333589,20.44558531,2.687834823,3.332973717,1.103622708,3.488269474,42.92584528,104.3986915,43.24506226,4.623438362,32.0913135
135,6.025449273,21.30477282,54.39864864,11.6267221,3.742946808,32.12529225,15.4061265,4.653813404,2.68032377,22.4629472,20.47147524,2.699894852,3.362186627,1.111467301,3.503428561,43.0088856,104.5006502,43.31261726,4.642832364,32.12581599
136,6.054421923,21.32796094,54.48338268,11.65934076,3.753134278,32.16415008,15.42496379,4.666010179,2.701009206,22.55130308,20.4951403,2.711532654,3.390641758,1.119843531,3.516734968,43.091267,104.6007109,43.38269735,4.660761694,32.15742324
137,6.081415179,21.35011129,54.57712418,11.69307636,3.764152687,32.2048649,15.44277994,4.677634216,2.723716223,22.64365979,20.51834368,2.72375973,3.418683904,1.128767864,3.530236423,43.17182923,104.6907313,43.45447059,4.678681308,32.18771561
138,6.108814116,21.37091485,54.66016195,11.72573702,3.773849374,32.2435157,15.46448521,4.68842184,2.747951488,22.73938542,20.54136994,2.735322797,3.444516207,1.138658357,3.545023701,43.26077159,104.7819526,43.52091866,4.697068709,32.21681502
139,6.13762702,21.39041278,54.73250463,11.75706888,3.783204365,32.2819373,15.48634095,4.698814552,2.773881888,22.84235476,20.56027088,2.748021921,3.467247144,1.148457535,3.5605823,43.35109507,104.8764571,43.59304644,4.718334551,32.24541538
140,6.166052224,21.41217122,54.81411348,11.78851052,3.792232141,32.31875351,15.50874746,4.70968379,2.798090517,22.94905433,20.5801381,2.759193191,3.490242059,1.1585028,3.576076435,43.43228981,104.9775257,43.66937005,4.739936147,32.27480161
141,6.195669245,21.43405015,54.88946211,11.82036666,3.801091091,32.35520067,15.53166076,4.720824127,2.822514365,23.05356914,20.60149543,2.769155357,3.515386895,1.16758614,3.593185162,43.51196715,105.0702022,43.75213916,4.763019972,32.30437695
142,6.224848924,21.45606843,54.95574365,11.85256514,3.810326073,32.39206612,15.55115954,4.731938859,2.84474089,23.16200914,20.6235475,2.778973831,3.543536629,1.177306396,3.6099125,43.59501004,105.1746391,43.83315454,4.785971587,32.33221525
143,6.256381036,21.47918804,55.01662754,11.88492426,3.820092791,32.43182256,15.56901469,4.74345842,2.86720509,23.26701764,20.64369905,2.788626292,3.570919572,1.187526817,3.625783619,43.67242877,105.2786336,43.92053613,4.80928682,32.36165435
144,6.291147439,21.50290865,55.07456017,11.92339354,3.829184693,32.4729415,15.58766834,4.755303318,2.888386812,23.36764591,20.66359566,2.799176466,3.595249396,1.19920956,3.642291203,43.74980014,105.3948078,44.00357168,4.829723836,32.38945098
145,6.323872525,21.52455768,55.13352384,11.96247196,3.837992291,32.51132723,15.6080969,4.766549403,2.90888895,23.48608002,20.6844948,2.808906272,3.62023641,1.209636853,3.657780797,43.82433001,105.5098771,44.08762916,4.849641544,32.41566447
146,6.352582836,21.54585596,55.18912476,11.99565657,3.846655345,32.5508699,15.62845884,4.777937693,2.930369706,23.59742162,20.70632646,2.818891716,3.64400395,1.219982433,3.674164593,43.90097871,105.614664,44.16664248,4.869555468,32.43769413
147,6.379263032,21.56648194,55.24308858,12.02968194,3.855117067,32.59479212,15.64877776,4.789837416,2.9503023,23.71778029,20.72711303,2.828872335,3.6677418,1.230206962,3.691178691,43.97062349,105.7179022,44.24193502,4.890248204,32.46073066
148,6.409603709,21.5879678,55.29944021,12.06142098,3.864217518,32.63796898,15.66923469,4.801073797,2.970174025,23.83192284,20.74870177,2.840106681,3.690496771,1.240651837,3.710641099,44.04276577,105.8139192,44.31918612,4.909984082,32.48394396
149,6.440234966,21.60478515,55.35235761,12.09506059,3.87395841,32.68174273,15.68967236,4.812335686,2.991377599,23.9479524,20.76951508,2.851802285,3.709660008,1.250555345,3.731175081,44.10936703,105.9134325,44.39448799,4.930969853,32.5088403
150,6.475209999,21.62244043,55.40195081,12.12857487,3.883730403,32.72342812,15.70954664,4.824484278,3.011138605,24.05565523,20.78936579,2.864206117,3.727875063,1.2596163,3.753719044,44.17797733,106.0166081,44.46534358,4.950784631,32.53204761
151,6.509857563,21.63937487,55.45577041,12.15945332,3.894481595,32.75642785,15.72793527,4.836745803,3.029555659,24.1809907,20.80808311,2.877316213,3.745907143,1.269077015,3.775389301,44.23472489,106.1185726,44.53254104,4.971429613,32.55634574
152,6.548457396,21.65198504,55.50620827,12.18927552,3.905650863,32.79105692,15.7469593,4.84886321,3.046175519,24.30499716,20.82745818,2.890786263,3.762872433,1.278100268,3.792147701,44.28830537,106.2244248,44.59921435,4.991684875,32.57988945
153,6.581893262,21.66575218,55.55037227,12.21965941,3.915745757,32.82794298,15.76570228,4.860710361,3.062712569,24.42484241,20.84839445,2.903693784,3.779836307,1.287066439,3.812120558,44.33679568,106.3368178,44.66201285,5.014659038,32.6024578
154,6.614328505,21.67980623,55.58913934,12.24998071,3.926399128,32.86662701,15.78603093,4.873986357,3.078361343,24.5426623,20.86961655,2.915058363,3.796396923,1.296421756,3.833982502,44.38597756,106.4472853,44.71988999,5.038328169,32.62826836
155,6.644404918,21.69294292,55.62903247,12.27912719,3.937955074,32.90155678,15.80455556,4.887855445,3.093005312,24.64437124,20.89121338,2.92648053,3.811794932,1.30521083,3.852604691,44.43771195,106.5461284,44.76938851,5.062007684,32.6538647
156,6.676057011,21.70602434,55.67106936,12.30675541,3.949751405,32.9335516,15.82117442,4.902300616,3.107791975,24.7458073,20.9140211,2.937719869,3.82562534,1.313341812,3.871850041,44.48925724,106.6478169,44.81293747,5.086358627,32.68008956
157,6.706592241,21.71951489,55.70957193,12.33226027,3.961410113,32.96843496,15.83658074,4.916816543,3.122807324,24.8472842,20.9362581,2.948864874,3.83864516,1.322722845,3.891215643,44.54552067,106.7390044,44.85189559,5.109396864,32.70613156
158,6.73577664,21.73297052,55.74561002,12.35682641,3.973915295,33.00339138,15.85277439,4.931181021,3.136207692,24.94297455,20.95498767,2.959587229,3.853534152,1.33303009,3.909905461,44.60992568,106.8321559,44.88779971,5.131197677,32.73032494
159,6.76617647,21.74694755,55.78303561,12.37971451,3.988960529,33.03732875,15.86761356,4.945826922,3.148211144,25.03730052,20.97369846,2.971391421,3.868963175,1.343367595,3.928228255,44.68057425,106.9219087,44.9256613,5.155122365,32.75552573
160,6.797225205,21.76122549,55.82086456,12.40379771,4.003680246,33.06800072,15.88248267,4.960886894,3.160791866,25.13564672,20.99347313,2.983311047,3.88364692,1.353279408,3.945927825,44.75438486,106.9978672,44.9615291,5.18286965,32.78013466
161,6.826099782,21.77714142,55.86151466,12.42499534,4.020939913,33.10219256,15.89884875,4.97690526,3.173324406,25.22112238,21.01240542,2.995884089,3.899968526,1.362650843,3.966049466,44.82534467,107.0681376,45.00101225,5.208502245,32.80834887
162,6.854406394,21.79163749,55.9016861,12.44606744,4.037779026,33.13620523,15.91455528,4.991791717,3.185840167,25.29786001,21.03155734,3.008999369,3.915868699,1.371370744,3.983154281,44.8992361,107.1322628,45.03423016,5.23027892,32.84141069
163,6.880055484,21.80614994,55.93749394,12.46645244,4.054156264,33.16896783,15.93037628,5.006024285,3.199388116,25.37213843,21.04818813,3.021703944,3.930852695,1.379993109,3.998821147,44.97671164,107.1920641,45.06725051,5.255463155,32.8746829
164,6.906995517,21.82032475,55.97271648,12.48924758,4.072140211,33.19889337,15.94562227,5.020272197,3.213518735,25.44176145,21.0647867,3.034775771,3.945813448,1.388899928,4.01361053,45.05997403,107.2564638,45.10003054,5.281359532,32.90751266
165,6.934766703,21.83497617,56.00767081,12.51185042,4.087346044,33.23096758,15.96015989,5.03592097,3.229113199,25.497516,21.08233951,3.048134852,3.961200823,1.398780075,4.029689522,45.14404361,107.3188791,45.13420318,5.308948132,32.94159702
166,6.967821017,21.84801676,56.04533382,12.53339029,4.103461282,33.26026108,15.9754998,5.049401103,3.24347187,25.54737814,21.10056677,3.062437691,3.977962932,1.409764784,4.043264693,45.22380116,107.3768465,45.16753173,5.335246383,32.97268049
167,6.998785897,21.86123363,56.08011179,12.55552197,4.119634176,33.29052482,15.99083212,5.065044568,3.256249396,25.60048707,21.11805142,3.075813244,3.995388718,1.421045629,4.056963476,45.30332317,107.4278952,45.19815813,5.36002622,32.99985933
168,7.030290644,21.87386983,56.11645891,12.57769672,4.135154172,33.3204221,16.00830057,5.080669092,3.268146396,25.65133993,21.13644302,3.089711064,4.017101935,1.433567077,4.071337187,45.38157106,107.4819934,45.23056057,5.388444098,33.02574546
169,7.058826981,21.88694554,56.15192865,12.60147638,4.149955013,33.34609867,16.02620276,5.096203267,3.280738034,25.70500678,21.1572802,3.103639417,4.036571961,1.447447382,4.085691614,45.45536263,107.5437244,45.26047443,5.416584516,33.0504905
170,7.090007981,21.89976306,56.19443594,12.62197421,4.16571834,33.37280206,16.04483432,5.112078747,3.293482962,25.75546539,21.17810891,3.118332562,4.056475387,1.462057405,4.099404934,45.52790246,107.6149084,45.28994409,5.442558506,33.07479064
171,7.118652614,21.91365374,56.22910466,12.64123634,4.1832722,33.39665789,16.06343024,5.126493424,3.306933308,25.8058601,21.19768957,3.135886649,4.07874552,1.475952084,4.113977742,45.60342641,107.6759226,45.32088633,5.464904652,33.10140623
172,7.151468179,21.92702959,56.26391662,12.66279766,4.199317748,33.41782728,16.08254609,5.141291106,3.320761181,25.85983738,21.21780013,3.153029833,4.100680785,1.489172119,4.129610953,45.67012084,107.7383369,45.35187526,5.485398608,33.12599413
173,7.188149179,21.94159674,56.29570556,12.68498206,4.216852567,33.43787376,16.10160964,5.158491178,3.334357856,25.9121424,21.2380016,3.171913871,4.123649718,1.50429591,4.147318972,45.72797101,107.7851934,45.38586654,5.506441456,33.1492545
174,7.224164109,21.95411724,56.32772536,12.70698816,4.232836179,33.4547843,16.1201024,5.176639089,3.347747987,25.9716196,21.25720526,3.190750809,4.149247575,1.519065512,4.162616841,45.7952556,107.8305476,45.42006602,5.527494753,33.17478009
175,7.255213603,21.96845026,56.36169539,12.72938394,4.250431167,33.47136926,16.13919864,5.1923505,3.361142115,26.02898012,21.27697589,3.207724771,4.17480881,1.536038912,4.175055489,45.85698918,107.8824727,45.45371634,5.55228503,33.20416534
176,7.289089584,21.98344789,56.39379476,12.7493672,4.268140781,33.4871358,16.15617893,5.211540455,3.374757135,26.08801448,21.29574993,3.224099338,4.199329773,1.551960277,4.187456695,45.90915478,107.9312468,45.49198291,5.576500276,33.2340994
177,7.319826542,21.99956675,56.42328001,12.76899649,4.287335364,33.50300327,16.17561428,5.229787571,3.390103328,26.14587074,21.31408316,3.239871923,4.22657182,1.567823613,4.200529046,45.96135067,107.9857125,45.53178449,5.59701947,33.26468123
178,7.351361463,22.01969069,56.45318762,12.78834979,4.305537409,33.51902097,16.19680514,5.248373179,3.404925715,26.19947065,21.33236649,3.254311197,4.25341325,1.581922291,4.213146576,46.01535745,108.0339478,45.57035322,5.619830726,33.29760032
179,7.380162537,22.03945649,56.47835365,12.80635876,4.323412361,33.53704212,16.21843744,5.267994091,3.421461063,26.26297353,21.35068978,3.268779085,4.280183747,1.59722143,4.227467355,46.07140161,108.0712855,45.60582633,5.642521378,33.32376856
180,7.408991217,22.05866467,56.50719516,12.82254667,4.341566795,33.55562416,16.23668048,5.287388631,3.437766777,26.32422471,21.36962165,3.28297645,4.309923741,1.612391218,4.241212524,46.12051789,108.1050788,45.63940945,5.66680248,33.34452808
181,7.437629571,22.07866754,56.53316524,12.8361847,4.358771623,33.57481217,16.25354345,5.309081715,3.455179358,26.37482672,21.39106979,3.296543899,4.34175498,1.629919677,4.255587506,46.16252072,108.1401476,45.67149477,5.693807418,33.36835546
182,7.46365743,22.0986874,56.55935463,12.8511357,4.375444717,33.59384553,16.26964966,5.329266205,3.471929371,26.41963818,21.41323011,3.31046729,4.373218634,1.649051179,4.273248499,46.20279645,108.1748139,45.70267698,5.719181207,33.3915812
183,7.493318457,22.11795157,56.58386909,12.86816859,4.391262931,33.61352183,16.28412855,5.347907818,3.4875271,26.45969844,21.43641394,3.326742886,4.406786257,1.672615908,4.289811379,46.24613483,108.2103018,45.73744059,5.741916555,33.41420399
184,7.523192176,22.13853587,56.60577869,12.88524269,4.408152126,33.63516893,16.30002407,5.367333116,3.502219362,26.50251936,21.45889486,3.342548192,4.442810697,1.692611389,4.309239684,46.29309589,108.2477039,45.77398417,5.768116669,33.43894217
185,7.555485619,22.15877692,56.6269192,12.90139249,4.426660495,33.65810977,16.31727827,5.387422675,3.517615714,26.54385038,21.48266844,3.357195575,4.473637845,1.71228043,4.327400847,46.33458896,108.2825383,45.8045425,5.792942144,33.46831567
186,7.591576947,22.18139905,56.64916737,12.91960539,4.444488718,33.6776079,16.33448534,5.410381445,3.532447805,26.57950403,21.5041251,3.371998304,4.50665553,1.734584577,4.345420049,46.37807312,108.3214728,45.83665742,5.818634873,33.49849606
187,7.626945806,22.19972819,56.67173406,12.93916272,4.462832506,33.69778085,16.35082346,5.434950697,3.550102788,26.61473088,21.52279814,3.388878175,4.539272501,1.759149135,4.364481883,46.42302896,108.3539272,45.86920077,5.840292136,33.5294069
188,7.666091656,22.21700348,56.69418337,12.95924435,4.482338858,33.71657701,16.36582509,5.457386434,3.567940438,26.65165194,21.54390234,3.404739611,4.573402423,1.78426486,4.384022092,46.46747311,108.3863914,45.90645998,5.865996169,33.56003483
189,7.707267169,22.23544225,56.71629124,12.98255659,4.500468406,33.73473965,16.3825984,5.481515566,3.585103031,26.68839935,21.56298062,3.42353892,4.604854933,1.816574884,4.404798943,46.50549136,108.4193844,45.94624735,5.887963404,33.58909347
190,7.742207504,22.25492387,56.73896047,13.00894492,4.520573968,33.7520111,16.39977451,5.505551442,3.602692285,26.72136861,21.58438212,3.443214931,4.635605935,1.846446316,4.424432,46.53849033,108.4468333,45.98479669,5.908502929,33.61590698
191,7.779052807,22.27810163,56.76296174,13.03724595,4.543357052,33.7705232,16.41474933,5.526612069,3.621087787,26.75912988,21.60915574,3.463537265,4.66022322,1.876189161,4.440390901,46.56862269,108.4783308,46.01767733,5.926361654,33.64454999
192,7.812764146,22.30133892,56.7841718,13.06279548,4.567313474,33.79045758,16.43114751,5.548994207,3.6380937,26.79686415,21.63613301,3.487136814,4.684026115,1.90085331,4.456436257,46.59956349,108.5061409,46.04404965,5.945669629,33.67169875
193,7.845062653,22.32547161,56.80404286,13.08759186,4.588873356,33.8101777,16.45043129,5.570611721,3.655464643,26.83180392,21.66363734,3.510325494,4.710226299,1.922916694,4.474812455,46.6295931,108.5336912,46.06707847,5.964254517,33.69598878
194,7.877975091,22.35172484,56.82104449,13.11216295,4.611133322,33.83084128,16.47175789,5.591921661,3.673164718,26.86709947,21.69185269,3.532692772,4.735899768,1.948535233,4.495453942,46.66184488,108.5622038,46.08821593,5.982540611,33.71658399
195,7.906887414,22.37598755,56.8370017,13.13675346,4.633293479,33.85394622,16.49633881,5.613781697,3.692609069,26.90081702,21.71810261,3.556042552,4.762679696,1.974800569,4.519165887,46.69274662,108.5883162,46.1119982,5.999998743,33.73845785
196,7.931601436,22.39635762,56.85432033,13.16324176,4.655561421,33.87758205,16.51798625,5.633470882,3.711223895,26.93480114,21.74432998,3.5824283,4.786877163,2.001871871,4.541405771,46.72052348,108.6141109,46.13468684,6.017730305,33.75913382
197,7.953571875,22.41442941,56.87117088,13.18726434,4.675781003,33.89938807,16.53967613,5.653733576,3.729212496,26.96212099,21.76654075,3.60883479,4.811205568,2.022396029,4.565535339,46.74928378,108.6450525,46.15845041,6.036127,33.78057181
198,7.976278223,22.43487072,56.89106698,13.21001953,4.694062556,33.92259397,16.56281311,5.67192926,3.74913133,26.98811929,21.78750655,3.634720087,4.83511315,2.040987172,4.590017861,46.77237937,108.6732499,46.17937377,6.057093631,33.80222772
199,7.998016371,22.45528496,56.91284155,13.23138854,4.71611983,33.94261567,16.58381661,5.690109479,3.770839415,27.01403303,21.80946992,3.660653347,4.85701636,2.063090979,4.611506139,46.79658212,108.6996253,46.19939096,6.080283579,33.82783097
200,8.01968728,22.47695587,56.93451246,13.25305945,4.737790739,33.96428658,16.60548752,5.711780388,3.792510324,27.03570394,21.83114083,3.682324256,4.878687269,2.084761888,4.633177048,46.81825302,108.7212962,46.22106187,6.101954488,33.84950188
